<ImportExportXml version="9.2.23032.168" SolutionPackageVersion="9.2" languagecode="1046" generatedBy="CrmLive" xmlns:xsi="http://www.w3.org/2001/XMLSchema-instance">
  <SolutionManifest>
    <UniqueName>academia2023</UniqueName>
    <LocalizedNames>
      <LocalizedName description="academia2023" languagecode="1046" />
    </LocalizedNames>
    <Descriptions />
    <Version>1.0.0.1</Version>
    <Managed>0</Managed>
    <Publisher>
      <UniqueName>academia</UniqueName>
      <LocalizedNames>
        <LocalizedName description="academia" languagecode="1046" />
      </LocalizedNames>
      <Descriptions />
      <EMailAddress xsi:nil="true"></EMailAddress>
      <SupportingWebsiteUrl xsi:nil="true"></SupportingWebsiteUrl>
      <CustomizationPrefix>academia</CustomizationPrefix>
      <CustomizationOptionValuePrefix>64587</CustomizationOptionValuePrefix>
      <Addresses>
        <Address>
          <AddressNumber>1</AddressNumber>
          <AddressTypeCode>1</AddressTypeCode>
          <City xsi:nil="true"></City>
          <County xsi:nil="true"></County>
          <Country xsi:nil="true"></Country>
          <Fax xsi:nil="true"></Fax>
          <FreightTermsCode xsi:nil="true"></FreightTermsCode>
          <ImportSequenceNumber xsi:nil="true"></ImportSequenceNumber>
          <Latitude xsi:nil="true"></Latitude>
          <Line1 xsi:nil="true"></Line1>
          <Line2 xsi:nil="true"></Line2>
          <Line3 xsi:nil="true"></Line3>
          <Longitude xsi:nil="true"></Longitude>
          <Name xsi:nil="true"></Name>
          <PostalCode xsi:nil="true"></PostalCode>
          <PostOfficeBox xsi:nil="true"></PostOfficeBox>
          <PrimaryContactName xsi:nil="true"></PrimaryContactName>
          <ShippingMethodCode>1</ShippingMethodCode>
          <StateOrProvince xsi:nil="true"></StateOrProvince>
          <Telephone1 xsi:nil="true"></Telephone1>
          <Telephone2 xsi:nil="true"></Telephone2>
          <Telephone3 xsi:nil="true"></Telephone3>
          <TimeZoneRuleVersionNumber xsi:nil="true"></TimeZoneRuleVersionNumber>
          <UPSZone xsi:nil="true"></UPSZone>
          <UTCOffset xsi:nil="true"></UTCOffset>
          <UTCConversionTimeZoneCode xsi:nil="true"></UTCConversionTimeZoneCode>
        </Address>
        <Address>
          <AddressNumber>2</AddressNumber>
          <AddressTypeCode>1</AddressTypeCode>
          <City xsi:nil="true"></City>
          <County xsi:nil="true"></County>
          <Country xsi:nil="true"></Country>
          <Fax xsi:nil="true"></Fax>
          <FreightTermsCode xsi:nil="true"></FreightTermsCode>
          <ImportSequenceNumber xsi:nil="true"></ImportSequenceNumber>
          <Latitude xsi:nil="true"></Latitude>
          <Line1 xsi:nil="true"></Line1>
          <Line2 xsi:nil="true"></Line2>
          <Line3 xsi:nil="true"></Line3>
          <Longitude xsi:nil="true"></Longitude>
          <Name xsi:nil="true"></Name>
          <PostalCode xsi:nil="true"></PostalCode>
          <PostOfficeBox xsi:nil="true"></PostOfficeBox>
          <PrimaryContactName xsi:nil="true"></PrimaryContactName>
          <ShippingMethodCode>1</ShippingMethodCode>
          <StateOrProvince xsi:nil="true"></StateOrProvince>
          <Telephone1 xsi:nil="true"></Telephone1>
          <Telephone2 xsi:nil="true"></Telephone2>
          <Telephone3 xsi:nil="true"></Telephone3>
          <TimeZoneRuleVersionNumber xsi:nil="true"></TimeZoneRuleVersionNumber>
          <UPSZone xsi:nil="true"></UPSZone>
          <UTCOffset xsi:nil="true"></UTCOffset>
          <UTCConversionTimeZoneCode xsi:nil="true"></UTCConversionTimeZoneCode>
        </Address>
      </Addresses>
    </Publisher>
    <RootComponents>
      <RootComponent type="1" schemaName="academia_alugueldefilmes" behavior="0" />
      <RootComponent type="1" schemaName="academia_categoriadefilmes" behavior="0" />
      <RootComponent type="1" schemaName="account" behavior="2" />
      <RootComponent type="1" schemaName="contact" behavior="1" />
      <RootComponent type="9" schemaName="academia_categoria" behavior="0" />
      <RootComponent type="9" schemaName="academia_haquantotempoconhecealocadora" behavior="0" />
      <RootComponent type="29" id="{bbf9aacd-b4c9-ed11-b595-00224836d3e2}" behavior="0" />
      <RootComponent type="61" schemaName="academia_conta" behavior="0" />
      <RootComponent type="62" schemaName="msdyn_AssetCheckout" behavior="0" />
      <RootComponent type="80" schemaName="msdyn_AssetCheckout" behavior="0" />
    </RootComponents>
    <MissingDependencies>
      <MissingDependency>
        <Required type="1" schemaName="sample_product" displayName="Product" solution="AssetCheckout (0.0.0.1)" />
        <Dependent type="62" schemaName="msdyn_AssetCheckout" />
      </MissingDependency>
      <MissingDependency>
        <Required type="1" schemaName="sample_reservation" displayName="Reservation" solution="AssetCheckout (0.0.0.1)" />
        <Dependent type="62" schemaName="msdyn_AssetCheckout" />
      </MissingDependency>
      <MissingDependency>
        <Required type="1" schemaName="sample_review" displayName="Review" solution="AssetCheckout (0.0.0.1)" />
        <Dependent type="62" schemaName="msdyn_AssetCheckout" />
      </MissingDependency>
      <MissingDependency>
        <Required type="60" displayName="Contato" parentDisplayName="Contato" solution="msdynce_AppCommon (9.0.4.0066)" id="{1fed44d1-ae68-4a41-bd2b-f13acac4acfa}" />
        <Dependent type="60" displayName="Contato" parentDisplayName="Contato" id="{1fed44d1-ae68-4a41-bd2b-f13acac4acfa}" />
      </MissingDependency>
      <MissingDependency>
        <Required type="60" displayName="cartão do contato da conta" parentDisplayName="Contato" solution="msdynce_AppCommon (9.0.4.0066)" id="{29de27bc-a257-4f29-99cf-bab4a84e688f}" />
        <Dependent type="60" displayName="Conta" parentDisplayName="Conta" id="{8448b78f-8f42-454e-8e2a-f8196b0419af}" />
      </MissingDependency>
      <MissingDependency>
        <Required type="60" displayName="Conta" parentDisplayName="Conta" solution="msdynce_AppCommon (9.0.4.0066)" id="{8448b78f-8f42-454e-8e2a-f8196b0419af}" />
        <Dependent type="60" displayName="Conta" parentDisplayName="Conta" id="{8448b78f-8f42-454e-8e2a-f8196b0419af}" />
      </MissingDependency>
      <MissingDependency>
        <Required type="61" schemaName="msdyn_/Images/Area_Default_Icon.png" displayName="msdyn_/Images/Area_Default_Icon.png" solution="AppModuleWebResources (2.5)" />
        <Dependent type="62" schemaName="msdyn_AssetCheckout" />
      </MissingDependency>
      <MissingDependency>
        <Required type="62" schemaName="msdyn_AssetCheckout" solution="AssetCheckout (0.0.0.1)" />
        <Dependent type="62" schemaName="msdyn_AssetCheckout" />
      </MissingDependency>
      <MissingDependency>
        <Required type="66" schemaName="MscrmControls.CardFeedContainer.CardFeedContainer" displayName="MscrmControls.CardFeedContainer.CardFeedContainer" solution="BaseCustomControlsCore (9.0.2303.2013)" />
        <Dependent type="60" displayName="Contato" parentDisplayName="Contato" id="{1fed44d1-ae68-4a41-bd2b-f13acac4acfa}" />
      </MissingDependency>
      <MissingDependency>
        <Required type="66" schemaName="MscrmControls.CardFeedContainer.CardFeedContainer" displayName="MscrmControls.CardFeedContainer.CardFeedContainer" solution="BaseCustomControlsCore (9.0.2303.2013)" />
        <Dependent type="60" displayName="Conta" parentDisplayName="Conta" id="{8448b78f-8f42-454e-8e2a-f8196b0419af}" />
      </MissingDependency>
      <MissingDependency>
        <Required type="80" schemaName="msdyn_AssetCheckout" displayName="Asset Checkout" solution="AssetCheckout (0.0.0.1)" />
        <Dependent type="80" schemaName="msdyn_AssetCheckout" displayName="Asset Checkout" />
      </MissingDependency>
    </MissingDependencies>
  </SolutionManifest>
</ImportExportXml>