{
  "properties": {
    "connectionReferences": {},
    "definition": {
      "$schema": "https://schema.management.azure.com/providers/Microsoft.Logic/schemas/2016-06-01/workflowdefinition.json#",
      "contentVersion": "1.0.0.0",
      "parameters": {
        "$authentication": {
          "defaultValue": {},
          "type": "SecureObject"
        }
      },
      "triggers": {
        "manual": {
          "metadata": {
            "operationMetadataId": "e93733ba-35ad-4baa-8200-67116080229a"
          },
          "type": "Request",
          "kind": "Http",
          "inputs": {
            "schema": {
              "type": "object",
              "properties": {
                "CNPJ": {
                  "type": "string"
                }
              }
            }
          }
        }
      },
      "actions": {
        "HTTP": {
          "runAfter": {},
          "metadata": {
            "operationMetadataId": "2035d1fe-1709-4699-b5a5-62a03135a6aa"
          },
          "type": "Http",
          "inputs": {
            "method": "GET",
            "uri": "https://receitaws.com.br/v1/cnpj/@{triggerBody()?['CNPJ']}"
          }
        },
        "Condição": {
          "actions": {
            "Resposta": {
              "runAfter": {},
              "metadata": {
                "operationMetadataId": "a1822f19-200a-4466-b1e2-9bd89d1e5444"
              },
              "type": "Response",
              "kind": "Http",
              "inputs": {
                "statusCode": 200,
                "body": "@body('HTTP')",
                "schema": {
                  "type": "object",
                  "properties": {
                    "status": {
                      "type": "string"
                    },
                    "ultima_atualizacao": {
                      "type": "string"
                    },
                    "cnpj": {
                      "type": "string"
                    },
                    "tipo": {
                      "type": "string"
                    },
                    "porte": {
                      "type": "string"
                    },
                    "nome": {
                      "type": "string"
                    },
                    "fantasia": {
                      "type": "string"
                    },
                    "abertura": {
                      "type": "string"
                    },
                    "atividade_principal": {
                      "type": "array",
                      "items": {
                        "type": "object",
                        "properties": {
                          "code": {
                            "type": "string"
                          },
                          "text": {
                            "type": "string"
                          }
                        },
                        "required": [
                          "code",
                          "text"
                        ]
                      }
                    },
                    "atividades_secundarias": {
                      "type": "array",
                      "items": {
                        "type": "object",
                        "properties": {
                          "code": {
                            "type": "string"
                          },
                          "text": {
                            "type": "string"
                          }
                        },
                        "required": [
                          "code",
                          "text"
                        ]
                      }
                    },
                    "natureza_juridica": {
                      "type": "string"
                    },
                    "logradouro": {
                      "type": "string"
                    },
                    "numero": {
                      "type": "string"
                    },
                    "complemento": {
                      "type": "string"
                    },
                    "cep": {
                      "type": "string"
                    },
                    "bairro": {
                      "type": "string"
                    },
                    "municipio": {
                      "type": "string"
                    },
                    "uf": {
                      "type": "string"
                    },
                    "email": {
                      "type": "string"
                    },
                    "telefone": {
                      "type": "string"
                    },
                    "efr": {
                      "type": "string"
                    },
                    "situacao": {
                      "type": "string"
                    },
                    "data_situacao": {
                      "type": "string"
                    },
                    "motivo_situacao": {
                      "type": "string"
                    },
                    "situacao_especial": {
                      "type": "string"
                    },
                    "data_situacao_especial": {
                      "type": "string"
                    },
                    "capital_social": {
                      "type": "string"
                    },
                    "qsa": {
                      "type": "array",
                      "items": {
                        "type": "object",
                        "properties": {
                          "nome": {
                            "type": "string"
                          },
                          "qual": {
                            "type": "string"
                          },
                          "pais_origem": {
                            "type": "string"
                          },
                          "nome_rep_legal": {
                            "type": "string"
                          },
                          "qual_rep_legal": {
                            "type": "string"
                          }
                        },
                        "required": [
                          "nome",
                          "qual",
                          "pais_origem",
                          "nome_rep_legal",
                          "qual_rep_legal"
                        ]
                      }
                    },
                    "billing": {
                      "type": "object",
                      "properties": {
                        "free": {
                          "type": "boolean"
                        },
                        "database": {
                          "type": "boolean"
                        }
                      }
                    }
                  }
                }
              }
            }
          },
          "runAfter": {
            "HTTP": [
              "Succeeded"
            ]
          },
          "else": {
            "actions": {
              "Resposta_2": {
                "runAfter": {},
                "metadata": {
                  "operationMetadataId": "dc87ac04-e0e2-4e5c-9862-68784ba03b8d"
                },
                "type": "Response",
                "kind": "Http",
                "inputs": {
                  "statusCode": 400,
                  "body": {
                    "message": "Erro na consulta"
                  },
                  "schema": {
                    "type": "object",
                    "properties": {
                      "message": {
                        "type": "string"
                      }
                    }
                  }
                }
              },
              "Terminar": {
                "runAfter": {
                  "Resposta_2": [
                    "Succeeded"
                  ]
                },
                "metadata": {
                  "operationMetadataId": "b2bb57c8-8d09-4287-9a50-04e29910fd2a"
                },
                "type": "Terminate",
                "inputs": {
                  "runStatus": "Failed",
                  "runError": {
                    "code": "400",
                    "message": "erro na consulta"
                  }
                }
              }
            }
          },
          "expression": {
            "equals": [
              "@outputs('HTTP')['statusCode']",
              200
            ]
          },
          "metadata": {
            "operationMetadataId": "2dffa07b-7f4b-4917-994d-98c6a53815e4"
          },
          "type": "If"
        }
      },
      "outputs": {}
    },
    "templateName": null
  },
  "schemaVersion": "1.0.0.0"
}